[
	{
		"title": "女装",
		"items": [
			"毛呢大衣",
			"羽绒服",
			"连衣裙",
			"针织衫",
			"卫衣",
			"牛仔裤",
			"风衣",
			"T恤",
			"衬衫",
			"短外套",
			"打底衫",
			"打底裤",
			"棉服",
			"皮草",
			"羊毛衫",
			"羊绒衫",
			"真皮皮衣",
			"小西装",
			"休闲裤",
			"大码女装",
			"中老年女装",
			"设计师/潮牌",
			"半身裙",
			"仿皮皮衣",
			"马甲",
			"正装裤",
			"加绒裤",
			"婚纱",
			"礼服",
			"旗袍/唐装",
			"雪纺衫",
			"吊带/背心",
			"短裤"
		]
	},
	{
		"title": "男装",
		"items": [
			"羽绒服",
			"棉服",
			"针织衫",
			"夹克",
			"羊毛衫",
			"加绒裤",
			"真皮皮衣",
			"卫衣",
			"T恤",
			"马甲/背心",
			"西服套装",
			"牛仔裤",
			"休闲裤",
			"衬衫",
			"毛呢大衣",
			"风衣",
			"仿皮皮衣",
			"西服",
			"西裤",
			"卫裤/运动裤",
			"POLO衫",
			"短裤",
			"中老年男装",
			"大码男装",
			"羊绒衫",
			"设计师/潮牌",
			"工装",
			"唐装/中山装"
		]
	},
	{
		"title": "内衣",
		"items": [
			"保暖内衣",
			"秋衣秋裤",
			"男式内裤",
			"女式内裤",
			"休闲棉袜",
			"商务男袜",
			"吊带/背心",
			"大码内衣",
			"打底衫",
			"睡衣/家居服",
			"文胸",
			"打底裤袜",
			"连裤袜/丝袜",
			"文胸套装",
			"情侣睡衣",
			"少女文胸",
			"抹胸",
			"内衣配件",
			"塑身美体",
			"美腿袜",
			"泳衣",
			"情趣内衣"
		]
	},
	{
		"title": "配饰",
		"items": [
			"女士丝巾/围巾/披肩",
			"男士腰带/礼盒",
			"太阳镜",
			"光学镜架/镜片",
			"防辐射眼镜",
			"棒球帽",
			"贝雷帽",
			"鸭舌帽",
			"男士丝巾/围巾",
			"真皮手套",
			"毛线手套",
			"围巾/手套/帽子套装",
			"老花镜",
			"礼帽",
			"遮阳帽",
			"口罩",
			"游泳镜",
			"毛线帽",
			"女士腰带/礼盒",
			"遮阳伞/雨伞",
			"毛线/布面料",
			"领带/领结/领带夹",
			"耳罩/耳包",
			"袖扣",
			"钥匙扣"
		]
	},
	{
		"title": "童装童鞋",
		"items": [
			"羽绒服/棉服",
			"套装",
			"上衣",
			"裤子",
			"内衣",
			"配饰",
			"运动鞋",
			"靴子",
			"皮鞋/帆布鞋",
			"功能鞋",
			"亲子装",
			"运动服",
			"演出服",
			"裙子",
			"凉鞋"
		]
	}
]