[
	{
		"title": "理财",
		"items": [
			"京东小金库",
			"票据理财",
			"基金理财",
			"定期理财",
			"固收理财",
			"妈妈理财",
			"慧投理财"
		]
	},
	{
		"title": "众筹",
		"items": [
			"智能硬件",
			"流行文化",
			"生活美学",
			"公益",
			"其他权益众筹"
		]
	},
	{
		"title": "东家",
		"items": [
			"私募股权"
		]
	},
	{
		"title": "白条",
		"items": [
			"京东白条",
			"白条联名卡",
			"京东钢镚",
			"旅游白条",
			"安居白条",
			"校园金融",
			"京东金采"
		]
	},
	{
		"title": "钱包",
		"items": [
			"京东钱包"
		]
	},
	{
		"title": "保险",
		"items": [
			"车险",
			"健康险",
			"意外险",
			"旅行险"
		]
	}
]