[
	{
		"title": "厨具",
		"items": [
			"烹饪锅具",
			"刀剪菜板",
			"厨房配件",
			"水具酒具",
			"餐具",
			"茶具/咖啡具",
			"保温杯"
		]
	},
	{
		"title": "家纺",
		"items": [
			"床品套件",
			"被子",
			"枕芯",
			"蚊帐",
			"凉席",
			"毛巾浴巾",
			"地毯地垫",
			"床垫/床褥",
			"毯子",
			"抱枕靠垫",
			"窗帘/窗纱",
			"床单/床笠",
			"被套",
			"枕巾枕套",
			"沙发垫套/椅垫",
			"桌布/罩件",
			"电热毯",
			"布艺软饰"
		]
	},
	{
		"title": "生活日用",
		"items": [
			"收纳用品",
			"雨伞雨具",
			"净化除味",
			"浴室用品",
			"洗晒/熨烫",
			"缝纫/针织用品",
			"清洁工具"
		]
	},
	{
		"title": "家装软饰",
		"items": [
			"装饰字画",
			"装饰摆件",
			"手工/十字绣",
			"相框/照片墙",
			"墙贴/装饰贴",
			"花瓶花艺",
			"香薰蜡烛",
			"节庆饰品",
			"钟饰",
			"帘艺隔断",
			"创意家居",
			"保暖防护"
		]
	},
	{
		"title": "灯具",
		"items": [
			"吸顶灯",
			"吊灯",
			"台灯",
			"筒灯射灯",
			"装饰灯",
			"LED灯",
			"氛围照明",
			"落地灯",
			"庭院灯",
			"应急灯/手电",
			"节能灯"
		]
	},
	{
		"title": "家具",
		"items": [
			"卧室家具",
			"客厅家具",
			"餐厅家具",
			"书房家具",
			"儿童家具",
			"储物家具",
			"阳台/户外",
			"办公家具",
			"床",
			"床垫",
			"沙发",
			"电脑椅",
			"衣柜",
			"茶几",
			"电视柜",
			"餐桌",
			"电脑桌",
			"鞋架/衣帽架",
			"儿童桌椅",
			"儿童床",
			"晾衣架"
		]
	},
	{
		"title": "家装主材",
		"items": [
			"瓷砖",
			"地板",
			"油漆涂料",
			"壁纸",
			"涂刷辅料"
		]
	},
	{
		"title": "厨房卫浴",
		"items": [
			"水槽",
			"锁具",
			"电动工具",
			"手动工具",
			"测量工具",
			"劳防用品",
			"开关插座",
			"门铃",
			"监控安防",
			"配电箱/断路器"
		]
	},
	{
		"title": "五金电工",
		"items": [
			"锁具",
			"电动工具",
			"手动工具",
			"测量工具",
			"劳防用品",
			"开关插座",
			"门铃",
			"监控安防",
			"配电箱/断路器"
		]
	},
	{
		"title": "装修定制",
		"items": [
			"装修设计",
			"装修施工",
			"淋浴房",
			"橱柜",
			"集成吊顶",
			"门",
			"窗",
			"壁挂炉",
			"散热器",
			"安装服务"
		]
	}
]