[
	{
		"title": "奶粉",
		"items": [
			"母婴年货",
			"1段",
			"2段",
			"3段",
			"4段",
			"孕妈奶粉",
			"特殊配方奶粉",
			"有机奶粉"
		]
	},
	{
		"title": "营养辅食",
		"items": [
			"米粉/菜粉",
			"面条/粥",
			"果泥/果汁",
			"益生菌/初乳",
			"DHA",
			"钙铁锌/维生素",
			"清火/开胃",
			"宝宝零食"
		]
	},
	{
		"title": "尿裤湿巾",
		"items": [
			"母婴年货",
			"NB",
			"S",
			"M",
			"L",
			"XL",
			"XXL",
			"拉拉裤",
			"成人尿裤",
			"婴儿湿巾"
		]
	},
	{
		"title": "喂养用品",
		"items": [
			"奶瓶奶嘴",
			"吸奶器",
			"暖奶消毒",
			"辅食料理机",
			"牙胶安抚",
			"食物存储",
			"儿童餐具",
			"水壶/水杯",
			"围兜/防溅衣"
		]
	},
	{
		"title": "洗护用品",
		"items": [
			"宝宝护肤",
			"日常护理",
			"洗发沐浴",
			"洗澡用具",
			"洗衣液/皂",
			"理发器",
			"婴儿口腔清洁",
			"座便器",
			"驱蚊防晒"
		]
	},
	{
		"title": "寝居服饰",
		"items": [
			"睡袋/抱被",
			"家居床品",
			"安全防护",
			"爬行垫",
			"婴儿内衣",
			"婴儿礼盒",
			"婴儿鞋帽袜",
			"婴儿外出服"
		]
	},
	{
		"title": "妈妈专区",
		"items": [
			"防辐射服",
			"孕妈装",
			"孕妇护肤",
			"妈咪包/背婴带",
			"待产护理",
			"产后塑身",
			"文胸/内裤",
			"防溢乳垫",
			"孕期营养"
		]
	},
	{
		"title": "童车童床",
		"items": [
			"安全座椅",
			"婴儿推车",
			"婴儿床",
			"婴儿床垫",
			"餐椅",
			"学步车",
			"三轮车",
			"自行车",
			"扭扭车",
			"滑板车",
			"电动车"
		]
	},
	{
		"title": "玩具",
		"items": [
			"母婴年货",
			"适用年龄",
			"遥控/电动",
			"益智玩具",
			"积木拼插",
			"动漫玩具",
			"毛绒布艺",
			"模型玩具",
			"健身玩具",
			"娃娃玩具",
			"DIY玩具",
			"创意减压"
		]
	},
	{
		"title": "乐器",
		"items": [
			"钢琴",
			"电子琴/电钢琴",
			"吉他/尤克里里",
			"打击乐器",
			"西洋管弦",
			"民族乐器",
			"乐器配件"
		]
	}
]