[
	{
		"title": "手机通讯",
		"items": [
			"手机",
			"对讲机",
			"以旧换新",
			"手机维修"
		]
	},
	{
		"title": "运营商",
		"items": [
			"充话费/流量",
			"170选号",
			"合约机",
			"办套餐",
			"选号码",
			"固话宽带",
			"京东通信",
			"中国移动",
			"中国联通",
			"中国电信"
		]
	},
	{
		"title": "手机配件",
		"items": [
			"手机壳",
			"贴膜",
			"手机存储卡",
			"数据线",
			"充电器",
			"手机耳机",
			"创意配件",
			"手机饰品",
			"手机电池",
			"苹果周边",
			"移动电源",
			"蓝牙耳机",
			"手机支架",
			"车载配件",
			"拍照配件"
		]
	},
	{
		"title": "摄影摄像",
		"items": [
			"数码相机",
			"单电/微单相机",
			"单反相机",
			"拍立得",
			"运动相机",
			"摄像机",
			"镜头",
			"户外器材",
			"影棚器材",
			"冲印服务",
			"数码相框"
		]
	},
	{
		"title": "数码配件",
		"items": [
			"存储卡",
			"三脚架/云台",
			"相机包",
			"滤镜",
			"闪光灯/手柄",
			"相机清洁/贴膜",
			"机身附件",
			"镜头附件",
			"读卡器",
			"支架",
			"电池/充电器"
		]
	},
	{
		"title": "影音娱乐",
		"items": [
			"耳机/耳麦",
			"音箱/音响",
			"便携/无线音箱",
			"收音机",
			"麦克风",
			"MP3/MP4",
			"专业音频"
		]
	},
	{
		"title": "智能设备",
		"items": [
			"智能手环",
			"智能手表",
			"智能眼镜",
			"智能机器人",
			"运动跟踪器",
			"健康监测",
			"智能配饰",
			"智能家居",
			"体感车",
			"无人机",
			"其他配件"
		]
	},
	{
		"title": "电子教育",
		"items": [
			"学生平板",
			"点读机/笔",
			"早教益智",
			"录音笔",
			"电纸书",
			"电子词典",
			"复读机"
		]
	}
]