[
	{
		"title": "音像",
		"items": [
			"音乐",
			"影视",
			"教育音像",
			"游戏",
			"影视/动漫周边"
		]
	},
	{
		"title": "少儿",
		"items": [
			"0-2岁",
			"3-6岁",
			"7-10岁",
			"11-14岁",
			"儿童文学",
			"绘本",
			"科普",
			"幼儿启蒙",
			"手工游戏",
			"智力开发"
		]
	},
	{
		"title": "教育",
		"items": [
			"教材",
			"中小学教辅",
			"考试",
			"外语学习",
			"字典词典"
		]
	},
	{
		"title": "文艺",
		"items": [
			"小说",
			"文学",
			"青春文学",
			"传记",
			"动漫",
			"艺术",
			"摄影",
			"书法",
			"音乐",
			"绘画"
		]
	},
	{
		"title": "经管励志",
		"items": [
			"管理",
			"金融与投资",
			"经济",
			"励志与成功"
		]
	},
	{
		"title": "人文社科",
		"items": [
			"历史",
			"心理学",
			"政治/军事",
			"国学/古籍",
			"哲学/宗教",
			"社会科学",
			"法律",
			"文化"
		]
	},
	{
		"title": "生活",
		"items": [
			"育儿/家教",
			"孕产/胎教",
			"健身保健",
			"旅游/地图",
			"美食",
			"时尚美妆",
			"家居",
			"手工DIY",
			"两性",
			"体育"
		]
	},
	{
		"title": "科技",
		"items": [
			"计算机与互联网",
			"科普",
			"建筑",
			"工业技术",
			"电子/通信",
			"医学",
			"科学与自然",
			"农林"
		]
	},
	{
		"title": "刊/原版",
		"items": [
			"杂志/期刊",
			"英文原版书",
			"港台图书"
		]
	},
	{
		"title": "电子书",
		"items": [
			"畅读VIP",
			"小说",
			"励志与成功",
			"经济金融",
			"文学",
			"社科",
			"婚恋两性",
			"外文原版",
			"免费"
		]
	},
	{
		"title": "数字音乐",
		"items": [
			"通俗流行",
			"古典音乐",
			"摇滚说唱",
			"爵士蓝调",
			"乡村民谣",
			"有声读物"
		]
	}
]