[
	{
		"title": "面部护肤",
		"items": [
			"美妆狂欢",
			"卸妆",
			"洁面",
			"爽肤水",
			"乳液面霜",
			"精华",
			"眼霜",
			"防晒",
			"面膜",
			"剃须",
			"套装"
		]
	},
	{
		"title": "洗发护发",
		"items": [
			"个护大牌",
			"洗发",
			"护发",
			"染发",
			"造型",
			"假发",
			"美发工具",
			"套装"
		]
	},
	{
		"title": "身体护理",
		"items": [
			"沐浴",
			"润肤",
			"精油",
			"颈部",
			"手足",
			"纤体塑形",
			"美胸",
			"套装"
		]
	},
	{
		"title": "口腔护理",
		"items": [
			"牙膏/牙粉",
			"牙刷/牙线",
			"漱口水",
			"套装"
		]
	},
	{
		"title": "女性护理",
		"items": [
			"卫生巾",
			"卫生护垫",
			"私密护理",
			"脱毛膏"
		]
	},
	{
		"title": "香水彩妆",
		"items": [
			"女士香水",
			"男士香水",
			"底妆",
			"眉笔",
			"睫毛膏",
			"眼线",
			"眼影",
			"唇膏/彩",
			"腮红",
			"美甲",
			"美妆工具",
			"套装"
		]
	},
	{
		"title": "清洁用品",
		"items": [
			"家洁团圆",
			"纸品湿巾",
			"衣物清洁",
			"清洁工具",
			"家庭清洁",
			"一次性用品",
			"驱虫用品",
			"皮具护理"
		]
	},
	{
		"title": "宠物生活",
		"items": [
			"萌宠钜惠",
			"水族用品",
			"宠物主粮",
			"宠物零食",
			"猫砂/尿布",
			"洗护美容",
			"家居日用",
			"医疗保健",
			"出行装备",
			"宠物玩具",
			"宠物牵引",
			"宠物驱虫"
		]
	}
]