[
	{
		"title": "交通出行",
		"items": [
			"国内机票",
			"国际机票",
			"火车票",
			"机场服务"
		]
	},
	{
		"title": "酒店预订",
		"items": [
			"国内酒店",
			"国际酒店",
			"超值精选酒店"
		]
	},
	{
		"title": "旅游度假",
		"items": [
			"国内旅游",
			"出境旅游",
			"全球签证",
			"景点门票",
			"邮轮",
			"旅行保险"
		]
	},
	{
		"title": "商旅服务",
		"items": [
			"企业差旅",
			"团队建设",
			"奖励旅游",
			"会议周边",
			"会议展览"
		]
	},
	{
		"title": "演出票务",
		"items": [
			"电影选座",
			"演唱会",
			"音乐会",
			"话剧歌剧",
			"体育赛事",
			"舞蹈芭蕾",
			"戏曲综艺"
		]
	},
	{
		"title": "生活缴费",
		"items": [
			"水费",
			"电费",
			"煤气费"
		]
	},
	{
		"title": "生活服务",
		"items": [
			"外卖订座",
			"家政保洁",
			"休闲娱乐",
			"医疗美容"
		]
	},
	{
		"title": "教育培训",
		"items": [
			"早教幼教",
			"中小学教育",
			"语言/留学",
			"学历教育",
			"职业技能",
			"兴趣爱好"
		]
	},
	{
		"title": "彩票",
		"items": [
			"购彩中心",
			"开奖结果",
			"数据图表",
			"彩民服务"
		]
	},
	{
		"title": "游戏",
		"items": [
			"QQ充值",
			"游戏点卡",
			"网页游戏",
			"游戏周边",
			"手机游戏",
			"单机游戏"
		]
	},
	{
		"title": "海外生活",
		"items": [
			"留学",
			"留学后服务",
			"游学",
			"海外房产"
		]
	}
]