[
	{
		"title": "新鲜水果",
		"items": [
			"京东生鲜",
			"进口水果",
			"国产水果",
			"苹果",
			"奇异果",
			"车厘子",
			"橙子",
			"牛油果",
			"火龙果",
			"榴莲",
			"柠檬",
			"芒果",
			"时令水果"
		]
	},
	{
		"title": "海鲜水产",
		"items": [
			"虾类",
			"鱼类",
			"蟹类",
			"贝类",
			"海参",
			"海产干货",
			"三文鱼",
			"北极甜虾",
			"扇贝",
			"黄花鱼",
			"大闸蟹",
			"鲜活水产"
		]
	},
	{
		"title": "肉禽蛋品",
		"items": [
			"牛肉",
			"猪肉",
			"羊肉",
			"鸡肉",
			"特色禽类",
			"牛排",
			"牛腩",
			"牛腱",
			"肋排",
			"鸡翅",
			"冷鲜肉",
			"咸鸭蛋",
			"鸡蛋"
		]
	},
	{
		"title": "新鲜蔬菜",
		"items": [
			"根茎类",
			"茄果瓜类",
			"叶菜类",
			"葱姜蒜椒",
			"鲜菌菇",
			"半加工蔬菜",
			"西红柿",
			"玉米",
			"山药"
		]
	},
	{
		"title": "冷饮冻食",
		"items": [
			"水饺",
			"面点",
			"速冻半成品",
			"火锅丸串",
			"奶酪/黄油",
			"汤圆",
			"冰淇淋",
			"低温奶"
		]
	},
	{
		"title": "中外名酒",
		"items": [
			"美酒盛宴",
			"白酒",
			"葡萄酒",
			"洋酒",
			"啤酒",
			"黄酒/养生酒",
			"收藏酒/陈年老酒"
		]
	},
	{
		"title": "进口食品",
		"items": [
			"牛奶",
			"饼干蛋糕",
			"糖果/巧克力",
			"休闲零食",
			"冲调饮品",
			"粮油调味"
		]
	},
	{
		"title": "休闲食品",
		"items": [
			"年货专区",
			"休闲零食",
			"坚果炒货",
			"肉干肉脯",
			"熟食腊味",
			"蜜饯果干",
			"糖果/巧克力",
			"饼干蛋糕",
			"无糖食品",
			"年货礼盒"
		]
	},
	{
		"title": "地方特产",
		"items": [
			"饕餮中国",
			"新疆",
			"四川",
			"云南",
			"湖南",
			"内蒙",
			"北京",
			"山西",
			"福建",
			"东北",
			"其他"
		]
	},
	{
		"title": "茗茶",
		"items": [
			"铁观音",
			"普洱",
			"龙井",
			"绿茶",
			"红茶",
			"乌龙茶",
			"花草茶",
			"花果茶",
			"黑茶",
			"白茶",
			"养生茶",
			"其他茶"
		]
	},
	{
		"title": "饮料冲调",
		"items": [
			"牛奶乳品",
			"饮料",
			"饮用水",
			"咖啡/奶茶",
			"蜂蜜/柚子茶",
			"冲饮谷物",
			"成人奶粉"
		]
	},
	{
		"title": "粮油调味",
		"items": [
			"米面杂粮",
			"食用油",
			"调味品",
			"南北干货",
			"方便食品",
			"烘焙原料",
			"有机食品"
		]
	}
]